,H,A,Result,Rez1,Rez2
0,Sheffield Wednesday,Southampton,1 - 2,1,2
1,Blackburn Rovers,West Bromwich Albion,2 - 1,2,1
2,Bristol City,Preston North End,1 - 1,1,1
3,Middlesbrough,Millwall,0 - 1,0,1
4,Norwich City,Hull City,2 - 1,2,1
5,Plymouth Argyle,Huddersfield Town,3 - 1,3,1
6,Watford,Queens Park Rangers,4 - 0,4,0
7,Stoke City,Rotherham United,4 - 1,4,1
8,Swansea City,Birmingham City,1 - 1,1,1
9,Leicester City,Coventry City,2 - 1,2,1
10,Leeds United,Cardiff City,2 - 2,2,2
11,Sunderland,Ipswich Town,1 - 2,1,2
12,Coventry City,Middlesbrough,3 - 0,3,0
13,Birmingham City,Leeds United,1 - 0,1,0
14,Cardiff City,Queens Park Rangers,1 - 2,1,2
15,Huddersfield Town,Leicester City,0 - 1,0,1
16,Hull City,Sheffield Wednesday,4 - 2,4,2
17,Ipswich Town,Stoke City,2 - 0,2,0
18,Millwall,Bristol City,0 - 1,0,1
19,Preston North End,Sunderland,2 - 1,2,1
20,Rotherham United,Blackburn Rovers,2 - 2,2,2
21,Southampton,Norwich City,4 - 4,4,4
22,Watford,Plymouth Argyle,0 - 0,0,0
23,West Bromwich Albion,Swansea City,3 - 2,3,2
24,Leeds United,West Bromwich Albion,1 - 1,1,1
25,Plymouth Argyle,Southampton,1 - 2,1,2
26,Blackburn Rovers,Hull City,1 - 2,1,2
27,Bristol City,Birmingham City,0 - 2,0,2
28,Leicester City,Cardiff City,2 - 1,2,1
29,Middlesbrough,Huddersfield Town,1 - 1,1,1
30,Queens Park Rangers,Ipswich Town,0 - 1,0,1
31,Sheffield Wednesday,Preston North End,0 - 1,0,1
32,Stoke City,Watford,1 - 0,1,0
33,Sunderland,Rotherham United,2 - 1,2,1
34,Swansea City,Coventry City,1 - 1,1,1
35,Norwich City,Millwall,3 - 1,3,1
36,Hull City,Bristol City,1 - 1,1,1
37,Birmingham City,Plymouth Argyle,2 - 1,2,1
38,Cardiff City,Sheffield Wednesday,2 - 1,2,1
39,Coventry City,Sunderland,0 - 0,0,0
40,Huddersfield Town,Norwich City,0 - 4,0,4
41,Ipswich Town,Leeds United,3 - 4,3,4
42,Millwall,Stoke City,1 - 0,1,0
43,Preston North End,Swansea City,2 - 1,2,1
44,Rotherham United,Leicester City,1 - 2,1,2
45,Southampton,Queens Park Rangers,2 - 1,2,1
46,West Bromwich Albion,Middlesbrough,4 - 2,4,2
47,Watford,Blackburn Rovers,0 - 1,0,1
48,Birmingham City,Millwall,1 - 1,1,1
49,Sunderland,Southampton,5 - 0,5,0
50,Swansea City,Bristol City,1 - 2,1,2
51,Coventry City,Watford,3 - 3,3,3
52,Ipswich Town,Cardiff City,3 - 2,3,2
53,Leeds United,Sheffield Wednesday,0 - 0,0,0
54,Leicester City,Hull City,0 - 1,0,1
55,Middlesbrough,Queens Park Rangers,0 - 2,0,2
56,Plymouth Argyle,Blackburn Rovers,3 - 0,3,0
57,Rotherham United,Norwich City,2 - 1,2,1
58,Stoke City,Preston North End,0 - 2,0,2
59,West Bromwich Albion,Huddersfield Town,1 - 2,1,2
60,Hull City,Coventry City,1 - 1,1,1
61,Southampton,Leicester City,1 - 4,1,4
62,Blackburn Rovers,Middlesbrough,2 - 1,2,1
63,Bristol City,West Bromwich Albion,0 - 0,0,0
64,Huddersfield Town,Rotherham United,2 - 0,2,0
65,Norwich City,Stoke City,1 - 0,1,0
66,Preston North End,Plymouth Argyle,2 - 1,2,1
67,Queens Park Rangers,Sunderland,1 - 3,1,3
68,Sheffield Wednesday,Ipswich Town,0 - 1,0,1
69,Watford,Birmingham City,2 - 0,2,0
70,Cardiff City,Swansea City,2 - 0,2,0
71,Millwall,Leeds United,0 - 3,0,3
72,Bristol City,Plymouth Argyle,4 - 1,4,1
73,Cardiff City,Coventry City,3 - 2,3,2
74,Preston North End,Birmingham City,2 - 1,2,1
75,Queens Park Rangers,Swansea City,1 - 1,1,1
76,Southampton,Ipswich Town,0 - 1,0,1
77,Sheffield Wednesday,Middlesbrough,1 - 1,1,1
78,Blackburn Rovers,Sunderland,1 - 3,1,3
79,Huddersfield Town,Stoke City,2 - 2,2,2
80,Hull City,Leeds United,0 - 0,0,0
81,Millwall,Rotherham United,3 - 0,3,0
82,Watford,West Bromwich Albion,2 - 2,2,2
83,Norwich City,Leicester City,0 - 2,0,2
84,Birmingham City,Queens Park Rangers,0 - 0,0,0
85,Ipswich Town,Blackburn Rovers,4 - 3,4,3
86,Leeds United,Watford,3 - 0,3,0
87,Leicester City,Bristol City,1 - 0,1,0
88,Middlesbrough,Southampton,2 - 1,2,1
89,Plymouth Argyle,Norwich City,6 - 2,6,2
90,Rotherham United,Preston North End,1 - 1,1,1
91,Swansea City,Sheffield Wednesday,3 - 0,3,0
92,West Bromwich Albion,Millwall,0 - 0,0,0
93,Stoke City,Hull City,1 - 3,1,3
94,Sunderland,Cardiff City,0 - 1,0,1
95,Coventry City,Huddersfield Town,1 - 1,1,1
96,Sheffield Wednesday,Sunderland,0 - 3,0,3
97,Southampton,Leeds United,3 - 1,3,1
98,Bristol City,Stoke City,2 - 3,2,3
99,Cardiff City,Rotherham United,2 - 0,2,0
100,Huddersfield Town,Ipswich Town,1 - 1,1,1
101,Hull City,Plymouth Argyle,1 - 1,1,1
102,Millwall,Swansea City,0 - 3,0,3
103,Norwich City,Birmingham City,2 - 0,2,0
104,Preston North End,West Bromwich Albion,0 - 4,0,4
105,Queens Park Rangers,Coventry City,1 - 3,1,3
106,Watford,Middlesbrough,2 - 3,2,3
107,Blackburn Rovers,Leicester City,1 - 4,1,4
108,Birmingham City,Huddersfield Town,4 - 1,4,1
109,Ipswich Town,Hull City,3 - 0,3,0
110,Middlesbrough,Cardiff City,2 - 0,2,0
111,Plymouth Argyle,Millwall,0 - 2,0,2
112,Stoke City,Southampton,0 - 1,0,1
113,West Bromwich Albion,Sheffield Wednesday,1 - 0,1,0
114,Coventry City,Blackburn Rovers,1 - 0,1,0
115,Leeds United,Queens Park Rangers,1 - 0,1,0
116,Leicester City,Preston North End,3 - 0,3,0
117,Sunderland,Watford,2 - 0,2,0
118,Swansea City,Norwich City,2 - 1,2,1
119,Rotherham United,Bristol City,1 - 2,1,2
120,Birmingham City,West Bromwich Albion,3 - 1,3,1
121,Sunderland,Middlesbrough,0 - 4,0,4
122,Cardiff City,Watford,1 - 1,1,1
123,Coventry City,Norwich City,1 - 1,1,1
124,Ipswich Town,Preston North End,4 - 2,4,2
125,Leeds United,Bristol City,2 - 1,2,1
126,Leicester City,Stoke City,2 - 0,2,0
127,Millwall,Hull City,2 - 2,2,2
128,Plymouth Argyle,Swansea City,1 - 3,1,3
129,Queens Park Rangers,Blackburn Rovers,0 - 4,0,4
130,Sheffield Wednesday,Huddersfield Town,0 - 0,0,0
131,Southampton,Rotherham United,1 - 1,1,1
132,Preston North End,Millwall,1 - 1,1,1
133,Blackburn Rovers,Cardiff City,1 - 0,1,0
134,Bristol City,Coventry City,1 - 0,1,0
135,Huddersfield Town,Queens Park Rangers,2 - 1,2,1
136,Hull City,Southampton,1 - 2,1,2
137,Middlesbrough,Birmingham City,1 - 0,1,0
138,Norwich City,Leeds United,2 - 3,2,3
139,Stoke City,Sunderland,2 - 1,2,1
140,Swansea City,Leicester City,1 - 3,1,3
141,Watford,Sheffield Wednesday,1 - 0,1,0
142,West Bromwich Albion,Plymouth Argyle,0 - 0,0,0
143,Rotherham United,Ipswich Town,2 - 2,2,2
144,Huddersfield Town,Cardiff City,0 - 4,0,4
145,Leicester City,Sunderland,1 - 0,1,0
146,Millwall,Blackburn Rovers,1 - 2,1,2
147,Norwich City,Middlesbrough,1 - 2,1,2
148,Swansea City,Watford,0 - 1,0,1
149,West Bromwich Albion,Queens Park Rangers,2 - 0,2,0
150,Birmingham City,Hull City,0 - 2,0,2
151,Bristol City,Ipswich Town,0 - 1,0,1
152,Plymouth Argyle,Sheffield Wednesday,3 - 0,3,0
153,Preston North End,Southampton,2 - 2,2,2
154,Rotherham United,Coventry City,2 - 0,2,0
155,Stoke City,Leeds United,1 - 0,1,0
156,Leeds United,Huddersfield Town,4 - 1,4,1
157,Southampton,Birmingham City,3 - 1,3,1
158,Blackburn Rovers,Swansea City,0 - 1,0,1
159,Cardiff City,Bristol City,2 - 0,2,0
160,Hull City,Preston North End,1 - 0,1,0
161,Ipswich Town,Plymouth Argyle,3 - 2,3,2
162,Middlesbrough,Stoke City,0 - 2,0,2
163,Queens Park Rangers,Leicester City,1 - 2,1,2
164,Sunderland,Norwich City,3 - 1,3,1
165,Watford,Millwall,2 - 2,2,2
166,Sheffield Wednesday,Rotherham United,2 - 0,2,0
167,Coventry City,West Bromwich Albion,0 - 2,0,2
168,Leicester City,Leeds United,0 - 1,0,1
169,Birmingham City,Ipswich Town,2 - 2,2,2
170,Bristol City,Sheffield Wednesday,1 - 0,1,0
171,Huddersfield Town,Watford,0 - 0,0,0
172,Millwall,Southampton,0 - 1,0,1
173,Plymouth Argyle,Middlesbrough,3 - 3,3,3
174,Preston North End,Coventry City,3 - 2,3,2
175,Rotherham United,Queens Park Rangers,1 - 1,1,1
176,Stoke City,Cardiff City,0 - 0,0,0
177,Swansea City,Sunderland,0 - 0,0,0
178,West Bromwich Albion,Hull City,3 - 1,3,1
179,Norwich City,Blackburn Rovers,1 - 3,1,3
180,Blackburn Rovers,Preston North End,1 - 2,1,2
181,Sunderland,Birmingham City,3 - 1,3,1
182,Cardiff City,Norwich City,2 - 3,2,3
183,Coventry City,Stoke City,0 - 0,0,0
184,Hull City,Huddersfield Town,1 - 0,1,0
185,Ipswich Town,Swansea City,3 - 2,3,2
186,Leeds United,Plymouth Argyle,2 - 1,2,1
187,Middlesbrough,Leicester City,1 - 0,1,0
188,Queens Park Rangers,Bristol City,0 - 0,0,0
189,Sheffield Wednesday,Millwall,0 - 4,0,4
190,Southampton,West Bromwich Albion,2 - 1,2,1
191,Watford,Rotherham United,5 - 0,5,0
192,Rotherham United,Leeds United,1 - 1,1,1
193,Birmingham City,Sheffield Wednesday,2 - 1,2,1
194,Bristol City,Middlesbrough,3 - 2,3,2
195,Huddersfield Town,Southampton,1 - 1,1,1
196,Leicester City,Watford,2 - 0,2,0
197,Millwall,Coventry City,0 - 3,0,3
198,Norwich City,Queens Park Rangers,1 - 0,1,0
199,Plymouth Argyle,Sunderland,2 - 0,2,0
200,Preston North End,Cardiff City,1 - 2,1,2
201,Stoke City,Blackburn Rovers,0 - 3,0,3
202,Swansea City,Hull City,2 - 2,2,2
203,West Bromwich Albion,Ipswich Town,2 - 0,2,0
204,Cardiff City,West Bromwich Albion,0 - 1,0,1
205,Coventry City,Plymouth Argyle,1 - 0,1,0
206,Hull City,Rotherham United,4 - 1,4,1
207,Middlesbrough,Preston North End,4 - 0,4,0
208,Queens Park Rangers,Stoke City,4 - 2,4,2
209,Watford,Norwich City,3 - 2,3,2
210,Blackburn Rovers,Birmingham City,4 - 2,4,2
211,Leeds United,Swansea City,3 - 1,3,1
212,Sheffield Wednesday,Leicester City,1 - 1,1,1
213,Southampton,Bristol City,1 - 0,1,0
214,Sunderland,Huddersfield Town,1 - 2,1,2
215,Ipswich Town,Millwall,3 - 1,3,1
216,Preston North End,Queens Park Rangers,0 - 2,0,2
217,West Bromwich Albion,Leicester City,1 - 2,1,2
218,Birmingham City,Rotherham United,0 - 0,0,0
219,Hull City,Watford,1 - 2,1,2
220,Ipswich Town,Coventry City,2 - 1,2,1
221,Leeds United,Middlesbrough,3 - 2,3,2
222,Millwall,Sunderland,1 - 1,1,1
223,Plymouth Argyle,Stoke City,2 - 1,2,1
224,Sheffield Wednesday,Blackburn Rovers,3 - 1,3,1
225,Southampton,Cardiff City,2 - 0,2,0
226,Swansea City,Huddersfield Town,1 - 1,1,1
227,Bristol City,Norwich City,1 - 2,1,2
228,Coventry City,Birmingham City,2 - 0,2,0
229,Blackburn Rovers,Leeds United,0 - 2,0,2
230,Sunderland,West Bromwich Albion,2 - 1,2,1
231,Cardiff City,Millwall,1 - 0,1,0
232,Huddersfield Town,Bristol City,1 - 1,1,1
233,Leicester City,Plymouth Argyle,4 - 0,4,0
234,Middlesbrough,Ipswich Town,0 - 2,0,2
235,Norwich City,Preston North End,0 - 0,0,0
236,Queens Park Rangers,Hull City,2 - 0,2,0
237,Rotherham United,Swansea City,1 - 2,1,2
238,Stoke City,Sheffield Wednesday,0 - 1,0,1
239,Watford,Southampton,1 - 1,1,1
240,Blackburn Rovers,Bristol City,2 - 1,2,1
241,Huddersfield Town,Preston North End,1 - 3,1,3
242,Rotherham United,West Bromwich Albion,0 - 2,0,2
243,Stoke City,Swansea City,1 - 1,1,1
244,Watford,Ipswich Town,1 - 2,1,2
245,Sunderland,Leeds United,1 - 0,1,0
246,Cardiff City,Birmingham City,0 - 1,0,1
247,Coventry City,Southampton,1 - 1,1,1
248,Leicester City,Millwall,3 - 2,3,2
249,Norwich City,Sheffield Wednesday,3 - 1,3,1
250,Queens Park Rangers,Plymouth Argyle,0 - 0,0,0
251,Middlesbrough,Hull City,1 - 2,1,2
252,Ipswich Town,Norwich City,2 - 2,2,2
253,Bristol City,Sunderland,1 - 0,1,0
254,Hull City,Cardiff City,3 - 0,3,0
255,Leeds United,Coventry City,1 - 1,1,1
256,Millwall,Huddersfield Town,1 - 1,1,1
257,Plymouth Argyle,Rotherham United,3 - 2,3,2
258,Preston North End,Watford,1 - 5,1,5
259,Sheffield Wednesday,Queens Park Rangers,2 - 1,2,1
260,Southampton,Blackburn Rovers,4 - 0,4,0
261,Swansea City,Middlesbrough,1 - 2,1,2
262,West Bromwich Albion,Stoke City,1 - 1,1,1
263,Birmingham City,Leicester City,2 - 3,2,3
264,Bristol City,Hull City,3 - 2,3,2
265,Swansea City,Preston North End,2 - 1,2,1
266,Leeds United,Ipswich Town,4 - 0,4,0
267,Blackburn Rovers,Watford,1 - 2,1,2
268,Leicester City,Rotherham United,3 - 0,3,0
269,Middlesbrough,West Bromwich Albion,1 - 0,1,0
270,Norwich City,Huddersfield Town,2 - 0,2,0
271,Plymouth Argyle,Birmingham City,3 - 3,3,3
272,Queens Park Rangers,Southampton,0 - 1,0,1
273,Sheffield Wednesday,Cardiff City,1 - 2,1,2
274,Stoke City,Millwall,0 - 0,0,0
275,Sunderland,Coventry City,0 - 3,0,3
276,Preston North End,Leeds United,2 - 1,2,1
277,Millwall,Queens Park Rangers,2 - 0,2,0
278,Cardiff City,Plymouth Argyle,2 - 2,2,2
279,Coventry City,Sheffield Wednesday,2 - 0,2,0
280,Huddersfield Town,Blackburn Rovers,3 - 0,3,0
281,Hull City,Sunderland,0 - 1,0,1
282,Rotherham United,Middlesbrough,1 - 0,1,0
283,Southampton,Swansea City,5 - 0,5,0
284,Watford,Bristol City,1 - 4,1,4
285,West Bromwich Albion,Norwich City,1 - 0,1,0
286,Birmingham City,Stoke City,1 - 3,1,3
287,Ipswich Town,Leicester City,1 - 1,1,1
288,Southampton,Plymouth Argyle,2 - 1,2,1
289,Birmingham City,Bristol City,0 - 0,0,0
290,Cardiff City,Leicester City,0 - 2,0,2
291,Coventry City,Swansea City,2 - 2,2,2
292,Huddersfield Town,Middlesbrough,1 - 2,1,2
293,Hull City,Blackburn Rovers,3 - 2,3,2
294,Ipswich Town,Queens Park Rangers,0 - 0,0,0
295,Millwall,Norwich City,1 - 0,1,0
296,Preston North End,Sheffield Wednesday,0 - 1,0,1
297,Rotherham United,Sunderland,1 - 1,1,1
298,Watford,Stoke City,1 - 1,1,1
299,West Bromwich Albion,Leeds United,1 - 0,1,0
300,Sunderland,Preston North End,2 - 0,2,0
301,Blackburn Rovers,Rotherham United,2 - 2,2,2
302,Bristol City,Millwall,0 - 1,0,1
303,Leeds United,Birmingham City,3 - 0,3,0
304,Leicester City,Huddersfield Town,4 - 1,4,1
305,Middlesbrough,Coventry City,1 - 3,1,3
306,Norwich City,Southampton,1 - 1,1,1
307,Plymouth Argyle,Watford,3 - 3,3,3
308,Queens Park Rangers,Cardiff City,1 - 2,1,2
309,Stoke City,Ipswich Town,0 - 0,0,0
310,Swansea City,West Bromwich Albion,1 - 0,1,0
311,Sheffield Wednesday,Hull City,3 - 1,3,1
312,Hull City,Norwich City,1 - 2,1,2
313,Coventry City,Leicester City,3 - 1,3,1
314,Birmingham City,Swansea City,2 - 2,2,2
315,Cardiff City,Leeds United,0 - 3,0,3
316,Huddersfield Town,Plymouth Argyle,1 - 1,1,1
317,Preston North End,Bristol City,2 - 0,2,0
318,Rotherham United,Stoke City,0 - 1,0,1
319,Southampton,Sheffield Wednesday,4 - 0,4,0
320,West Bromwich Albion,Blackburn Rovers,4 - 1,4,1
321,Millwall,Middlesbrough,1 - 3,1,3
322,Ipswich Town,Sunderland,2 - 1,2,1
323,Queens Park Rangers,Watford,1 - 2,1,2
324,Sunderland,Hull City,0 - 1,0,1
325,Swansea City,Southampton,1 - 3,1,3
326,Blackburn Rovers,Huddersfield Town,1 - 1,1,1
327,Bristol City,Watford,1 - 1,1,1
328,Middlesbrough,Rotherham United,1 - 1,1,1
329,Norwich City,West Bromwich Albion,2 - 0,2,0
330,Plymouth Argyle,Cardiff City,3 - 1,3,1
331,Queens Park Rangers,Millwall,2 - 0,2,0
332,Sheffield Wednesday,Coventry City,1 - 2,1,2
333,Stoke City,Birmingham City,1 - 2,1,2
334,Leeds United,Preston North End,2 - 1,2,1
335,Leicester City,Ipswich Town,1 - 1,1,1
336,Leeds United,Norwich City,1 - 0,1,0
337,Birmingham City,Middlesbrough,,,
338,Millwall,Preston North End,1 - 1,1,1
339,Sunderland,Stoke City,3 - 1,3,1
340,Queens Park Rangers,Huddersfield Town,1 - 1,1,1
341,Coventry City,Bristol City,2 - 2,2,2
342,Leicester City,Swansea City,3 - 1,3,1
343,Sheffield Wednesday,Watford,0 - 0,0,0
344,Cardiff City,Blackburn Rovers,0 - 0,0,0
345,Ipswich Town,Rotherham United,4 - 3,4,3
346,Plymouth Argyle,West Bromwich Albion,0 - 3,0,3
347,Southampton,Hull City,1 - 2,1,2
348,Bristol City,Leeds United,0 - 1,0,1
349,Blackburn Rovers,Queens Park Rangers,1 - 2,1,2
350,Huddersfield Town,Sheffield Wednesday,4 - 0,4,0
351,Hull City,Millwall,1 - 0,1,0
352,Norwich City,Coventry City,2 - 1,2,1
353,Preston North End,Ipswich Town,3 - 2,3,2
354,Rotherham United,Southampton,0 - 2,0,2
355,Stoke City,Leicester City,0 - 5,0,5
356,Swansea City,Plymouth Argyle,0 - 1,0,1
357,Watford,Cardiff City,0 - 1,0,1
358,West Bromwich Albion,Birmingham City,1 - 0,1,0
359,Middlesbrough,Sunderland,1 - 1,1,1
360,Sheffield Wednesday,Birmingham City,2 - 0,2,0
361,Ipswich Town,West Bromwich Albion,2 - 2,2,2
362,Blackburn Rovers,Stoke City,3 - 1,3,1
363,Cardiff City,Preston North End,0 - 2,0,2
364,Hull City,Swansea City,0 - 1,0,1
365,Leeds United,Rotherham United,3 - 0,3,0
366,Middlesbrough,Bristol City,1 - 2,1,2
367,Queens Park Rangers,Norwich City,2 - 2,2,2
368,Southampton,Huddersfield Town,5 - 3,5,3
369,Sunderland,Plymouth Argyle,3 - 1,3,1
370,Watford,Leicester City,1 - 2,1,2
371,Coventry City,Millwall,2 - 1,2,1
372,Birmingham City,Blackburn Rovers,1 - 0,1,0
373,Leicester City,Sheffield Wednesday,2 - 0,2,0
374,Norwich City,Watford,4 - 2,4,2
375,Rotherham United,Hull City,1 - 2,1,2
376,Swansea City,Leeds United,0 - 4,0,4
377,Bristol City,Southampton,3 - 1,3,1
378,West Bromwich Albion,Cardiff City,2 - 0,2,0
379,Huddersfield Town,Sunderland,1 - 0,1,0
380,Plymouth Argyle,Coventry City,2 - 2,2,2
381,Preston North End,Middlesbrough,2 - 1,2,1
382,Stoke City,Queens Park Rangers,1 - 0,1,0
383,Millwall,Ipswich Town,0 - 4,0,4
384,West Bromwich Albion,Southampton,0 - 2,0,2
385,Plymouth Argyle,Leeds United,0 - 2,0,2
386,Birmingham City,Sunderland,2 - 1,2,1
387,Bristol City,Queens Park Rangers,0 - 1,0,1
388,Huddersfield Town,Hull City,1 - 2,1,2
389,Leicester City,Middlesbrough,1 - 2,1,2
390,Millwall,Sheffield Wednesday,0 - 2,0,2
391,Norwich City,Cardiff City,4 - 1,4,1
392,Preston North End,Blackburn Rovers,2 - 2,2,2
393,Rotherham United,Watford,0 - 1,0,1
394,Stoke City,Coventry City,0 - 1,0,1
395,Swansea City,Ipswich Town,1 - 2,1,2
396,Coventry City,Preston North End,0 - 3,0,3
397,Leeds United,Leicester City,3 - 1,3,1
398,Hull City,West Bromwich Albion,1 - 1,1,1
399,Blackburn Rovers,Norwich City,1 - 1,1,1
400,Cardiff City,Stoke City,2 - 1,2,1
401,Ipswich Town,Birmingham City,3 - 1,3,1
402,Middlesbrough,Plymouth Argyle,0 - 2,0,2
403,Queens Park Rangers,Rotherham United,2 - 1,2,1
404,Sheffield Wednesday,Bristol City,2 - 1,2,1
405,Southampton,Millwall,1 - 2,1,2
406,Sunderland,Swansea City,1 - 2,1,2
407,Watford,Huddersfield Town,1 - 2,1,2
408,West Bromwich Albion,Coventry City,2 - 1,2,1
409,Bristol City,Cardiff City,0 - 1,0,1
410,Huddersfield Town,Leeds United,1 - 1,1,1
411,Birmingham City,Southampton,3 - 4,3,4
412,Leicester City,Queens Park Rangers,1 - 2,1,2
413,Millwall,Watford,1 - 0,1,0
414,Norwich City,Sunderland,1 - 0,1,0
415,Plymouth Argyle,Ipswich Town,0 - 2,0,2
416,Preston North End,Hull City,0 - 0,0,0
417,Rotherham United,Sheffield Wednesday,0 - 1,0,1
418,Stoke City,Middlesbrough,2 - 0,2,0
419,Swansea City,Blackburn Rovers,2 - 1,2,1
420,Blackburn Rovers,Millwall,1 - 1,1,1
421,Coventry City,Rotherham United,5 - 0,5,0
422,Leeds United,Stoke City,1 - 0,1,0
423,Sunderland,Leicester City,0 - 1,0,1
424,Sheffield Wednesday,Plymouth Argyle,1 - 0,1,0
425,Ipswich Town,Bristol City,3 - 2,3,2
426,Cardiff City,Huddersfield Town,1 - 0,1,0
427,Middlesbrough,Norwich City,3 - 1,3,1
428,Watford,Swansea City,1 - 1,1,1
429,Queens Park Rangers,West Bromwich Albion,2 - 2,2,2
430,Hull City,Birmingham City,1 - 1,1,1
431,Southampton,Preston North End,3 - 0,3,0
432,Sheffield Wednesday,Leeds United,0 - 2,0,2
433,Cardiff City,Ipswich Town,2 - 1,2,1
434,Blackburn Rovers,Plymouth Argyle,1 - 1,1,1
435,Hull City,Leicester City,2 - 2,2,2
436,Millwall,Birmingham City,1 - 0,1,0
437,Norwich City,Rotherham United,5 - 0,5,0
438,Preston North End,Stoke City,1 - 2,1,2
439,Queens Park Rangers,Middlesbrough,0 - 2,0,2
440,Southampton,Sunderland,4 - 2,4,2
441,Watford,Coventry City,1 - 2,1,2
442,Huddersfield Town,West Bromwich Albion,1 - 4,1,4
443,Bristol City,Swansea City,1 - 0,1,0
444,Swansea City,Cardiff City,2 - 0,2,0
445,Birmingham City,Watford,0 - 1,0,1
446,Ipswich Town,Sheffield Wednesday,6 - 0,6,0
447,Middlesbrough,Blackburn Rovers,0 - 0,0,0
448,Plymouth Argyle,Preston North End,0 - 1,0,1
449,Rotherham United,Huddersfield Town,0 - 0,0,0
450,Stoke City,Norwich City,0 - 3,0,3
451,Sunderland,Queens Park Rangers,0 - 0,0,0
452,West Bromwich Albion,Bristol City,2 - 0,2,0
453,Leeds United,Millwall,2 - 0,2,0
454,Leicester City,Southampton,5 - 0,5,0
455,Coventry City,Hull City,2 - 3,2,3
456,Bristol City,Leicester City,1 - 0,1,0
457,Millwall,West Bromwich Albion,1 - 1,1,1
458,Cardiff City,Sunderland,0 - 2,0,2
459,Huddersfield Town,Coventry City,1 - 3,1,3
460,Hull City,Stoke City,0 - 2,0,2
461,Norwich City,Plymouth Argyle,2 - 1,2,1
462,Preston North End,Rotherham United,3 - 0,3,0
463,Queens Park Rangers,Birmingham City,2 - 1,2,1
464,Sheffield Wednesday,Swansea City,1 - 1,1,1
465,Southampton,Middlesbrough,1 - 1,1,1
466,Blackburn Rovers,Ipswich Town,0 - 1,0,1
467,Watford,Leeds United,2 - 2,2,2
468,Leicester City,Norwich City,3 - 1,3,1
469,Birmingham City,Preston North End,1 - 0,1,0
470,Coventry City,Cardiff City,1 - 2,1,2
471,Middlesbrough,Sheffield Wednesday,2 - 0,2,0
472,Plymouth Argyle,Bristol City,0 - 1,0,1
473,Rotherham United,Millwall,2 - 1,2,1
474,Stoke City,Huddersfield Town,1 - 1,1,1
475,Sunderland,Blackburn Rovers,1 - 5,1,5
476,Swansea City,Queens Park Rangers,0 - 1,0,1
477,West Bromwich Albion,Watford,2 - 2,2,2
478,Ipswich Town,Southampton,3 - 2,3,2
479,Leeds United,Hull City,3 - 1,3,1
480,Rotherham United,Plymouth Argyle,0 - 1,0,1
481,Norwich City,Ipswich Town,1 - 0,1,0
482,Blackburn Rovers,Southampton,0 - 0,0,0
483,Cardiff City,Hull City,1 - 3,1,3
484,Coventry City,Leeds United,2 - 1,2,1
485,Huddersfield Town,Millwall,1 - 0,1,0
486,Leicester City,Birmingham City,2 - 1,2,1
487,Middlesbrough,Swansea City,2 - 0,2,0
488,Queens Park Rangers,Sheffield Wednesday,0 - 2,0,2
489,Stoke City,West Bromwich Albion,2 - 2,2,2
490,Sunderland,Bristol City,0 - 0,0,0
491,Watford,Preston North End,0 - 0,0,0
492,Millwall,Leicester City,1 - 0,1,0
493,Plymouth Argyle,Queens Park Rangers,1 - 1,1,1
494,Preston North End,Huddersfield Town,4 - 1,4,1
495,Sheffield Wednesday,Norwich City,2 - 2,2,2
496,Southampton,Coventry City,2 - 1,2,1
497,Leeds United,Sunderland,0 - 0,0,0
498,Birmingham City,Cardiff City,0 - 1,0,1
499,Bristol City,Blackburn Rovers,5 - 0,5,0
500,Ipswich Town,Watford,0 - 0,0,0
501,Hull City,Middlesbrough,2 - 2,2,2
502,Swansea City,Stoke City,3 - 0,3,0
503,West Bromwich Albion,Rotherham United,2 - 0,2,0
504,Plymouth Argyle,Leicester City,1 - 0,1,0
505,Leeds United,Blackburn Rovers,0 - 1,0,1
506,Birmingham City,Coventry City,3 - 0,3,0
507,Bristol City,Huddersfield Town,1 - 1,1,1
508,Hull City,Queens Park Rangers,3 - 0,3,0
509,Ipswich Town,Middlesbrough,1 - 1,1,1
510,Millwall,Cardiff City,3 - 1,3,1
511,Preston North End,Norwich City,0 - 1,0,1
512,Sheffield Wednesday,Stoke City,1 - 1,1,1
513,Southampton,Watford,3 - 2,3,2
514,Swansea City,Rotherham United,1 - 0,1,0
515,West Bromwich Albion,Sunderland,0 - 1,0,1
516,Leicester City,West Bromwich Albion,2 - 1,2,1
517,Cardiff City,Southampton,2 - 1,2,1
518,Huddersfield Town,Swansea City,0 - 4,0,4
519,Norwich City,Bristol City,1 - 1,1,1
520,Rotherham United,Birmingham City,0 - 0,0,0
521,Stoke City,Plymouth Argyle,3 - 0,3,0
522,Sunderland,Millwall,0 - 1,0,1
523,Watford,Hull City,0 - 0,0,0
524,Queens Park Rangers,Preston North End,1 - 0,1,0
525,Blackburn Rovers,Sheffield Wednesday,1 - 3,1,3
526,Middlesbrough,Leeds United,3 - 4,3,4
527,Coventry City,Ipswich Town,1 - 2,1,2
528,Queens Park Rangers,Leeds United,4 - 0,4,0
529,Blackburn Rovers,Coventry City,0 - 0,0,0
530,Bristol City,Rotherham United,2 - 0,2,0
531,Cardiff City,Middlesbrough,1 - 4,1,4
532,Huddersfield Town,Birmingham City,1 - 1,1,1
533,Millwall,Plymouth Argyle,1 - 0,1,0
534,Norwich City,Swansea City,2 - 2,2,2
535,Sheffield Wednesday,West Bromwich Albion,3 - 0,3,0
536,Southampton,Stoke City,0 - 1,0,1
537,Watford,Sunderland,1 - 0,1,0
538,Hull City,Ipswich Town,3 - 3,3,3
539,Preston North End,Leicester City,0 - 3,0,3
540,Birmingham City,Norwich City,1 - 0,1,0
541,Coventry City,Queens Park Rangers,1 - 2,1,2
542,Ipswich Town,Huddersfield Town,2 - 0,2,0
543,Leeds United,Southampton,1 - 2,1,2
544,Leicester City,Blackburn Rovers,0 - 2,0,2
545,Middlesbrough,Watford,3 - 1,3,1
546,Plymouth Argyle,Hull City,1 - 0,1,0
547,Rotherham United,Cardiff City,5 - 2,5,2
548,Stoke City,Bristol City,4 - 0,4,0
549,Sunderland,Sheffield Wednesday,0 - 2,0,2
550,Swansea City,Millwall,0 - 1,0,1
551,West Bromwich Albion,Preston North End,3 - 0,3,0
0,Blackburn Rovers,Derby County,4 - 2,4,2
1,Preston North End,Sheffield United,0 - 2,0,2
2,Cardiff City,Sunderland,0 - 2,0,2
3,Hull City,Bristol City,1 - 1,1,1
4,Leeds United,Portsmouth,3 - 3,3,3
5,Middlesbrough,Swansea City,1 - 0,1,0
6,Millwall,Watford,2 - 3,2,3
7,Oxford United,Norwich City,2 - 0,2,0
8,Queens Park Rangers,West Bromwich Albion,1 - 3,1,3
9,Stoke City,Coventry City,1 - 0,1,0
10,Sheffield Wednesday,Plymouth Argyle,4 - 0,4,0
11,Luton Town,Burnley,1 - 4,1,4
12,Coventry City,Oxford United,3 - 2,3,2
13,Derby County,Middlesbrough,1 - 0,1,0
14,Portsmouth,Luton Town,0 - 0,0,0
15,West Bromwich Albion,Leeds United,0 - 0,0,0
16,Bristol City,Millwall,4 - 3,4,3
17,Burnley,Cardiff City,5 - 0,5,0
18,Norwich City,Blackburn Rovers,2 - 2,2,2
19,Plymouth Argyle,Hull City,1 - 1,1,1
20,Sheffield United,Queens Park Rangers,2 - 2,2,2
21,Swansea City,Preston North End,3 - 0,3,0
22,Watford,Stoke City,3 - 0,3,0
23,Sunderland,Sheffield Wednesday,4 - 0,4,0
24,Sheffield Wednesday,Leeds United,0 - 2,0,2
25,Bristol City,Coventry City,1 - 1,1,1
26,Hull City,Millwall,0 - 0,0,0
27,Queens Park Rangers,Plymouth Argyle,1 - 1,1,1
28,Blackburn Rovers,Oxford United,2 - 1,2,1
29,Middlesbrough,Portsmouth,2 - 2,2,2
30,Norwich City,Sheffield United,1 - 1,1,1
31,Preston North End,Luton Town,1 - 0,1,0
32,Stoke City,West Bromwich Albion,1 - 2,1,2
33,Sunderland,Burnley,1 - 0,1,0
34,Watford,Derby County,2 - 1,2,1
35,Swansea City,Cardiff City,1 - 1,1,1
36,Luton Town,Queens Park Rangers,1 - 2,1,2
37,Burnley,Blackburn Rovers,1 - 1,1,1
38,Cardiff City,Middlesbrough,0 - 2,0,2
39,Coventry City,Norwich City,0 - 1,0,1
40,Derby County,Bristol City,3 - 0,3,0
41,Leeds United,Hull City,2 - 0,2,0
42,Millwall,Sheffield Wednesday,3 - 0,3,0
43,Oxford United,Preston North End,3 - 1,3,1
44,Plymouth Argyle,Stoke City,0 - 1,0,1
45,Portsmouth,Sunderland,1 - 3,1,3
46,West Bromwich Albion,Swansea City,1 - 0,1,0
47,Sheffield United,Watford,1 - 0,1,0
48,Hull City,Sheffield United,0 - 2,0,2
49,Leeds United,Burnley,0 - 1,0,1
50,Millwall,Luton Town,0 - 1,0,1
51,Oxford United,Stoke City,1 - 0,1,0
52,Blackburn Rovers,Bristol City,3 - 0,3,0
53,Derby County,Cardiff City,1 - 0,1,0
54,Middlesbrough,Preston North End,1 - 1,1,1
55,Plymouth Argyle,Sunderland,3 - 2,3,2
56,Sheffield Wednesday,Queens Park Rangers,1 - 1,1,1
57,Swansea City,Norwich City,1 - 0,1,0
58,Watford,Coventry City,1 - 1,1,1
59,Portsmouth,West Bromwich Albion,0 - 3,0,3
60,Stoke City,Hull City,1 - 3,1,3
61,Norwich City,Watford,4 - 1,4,1
62,Queens Park Rangers,Millwall,1 - 1,1,1
63,Sunderland,Middlesbrough,1 - 0,1,0
64,Bristol City,Oxford United,2 - 1,2,1
65,Burnley,Portsmouth,2 - 1,2,1
66,Cardiff City,Leeds United,0 - 2,0,2
67,Coventry City,Swansea City,1 - 2,1,2
68,Luton Town,Sheffield Wednesday,2 - 1,2,1
69,Sheffield United,Derby County,1 - 0,1,0
70,West Bromwich Albion,Plymouth Argyle,1 - 0,1,0
71,Preston North End,Blackburn Rovers,0 - 0,0,0
72,Plymouth Argyle,Luton Town,3 - 1,3,1
73,Blackburn Rovers,Queens Park Rangers,2 - 0,2,0
74,Derby County,Norwich City,2 - 3,2,3
75,Portsmouth,Sheffield United,0 - 0,0,0
76,Hull City,Cardiff City,4 - 1,4,1
77,Leeds United,Coventry City,3 - 0,3,0
78,Middlesbrough,Stoke City,2 - 0,2,0
79,Millwall,Preston North End,3 - 1,3,1
80,Oxford United,Burnley,0 - 0,0,0
81,Sheffield Wednesday,West Bromwich Albion,3 - 2,3,2
82,Watford,Sunderland,2 - 1,2,1
83,Swansea City,Bristol City,1 - 1,1,1
84,Burnley,Plymouth Argyle,1 - 0,1,0
85,Cardiff City,Millwall,1 - 0,1,0
86,Coventry City,Blackburn Rovers,3 - 0,3,0
87,Luton Town,Oxford United,2 - 2,2,2
88,Queens Park Rangers,Hull City,1 - 3,1,3
89,Sunderland,Derby County,2 - 0,2,0
90,Norwich City,Leeds United,1 - 1,1,1
91,West Bromwich Albion,Middlesbrough,0 - 1,0,1
92,Sheffield United,Swansea City,1 - 0,1,0
93,Preston North End,Watford,3 - 0,3,0
94,Stoke City,Portsmouth,6 - 1,6,1
95,Bristol City,Sheffield Wednesday,0 - 0,0,0
96,Sunderland,Leeds United,2 - 2,2,2
97,Burnley,Preston North End,0 - 0,0,0
98,Norwich City,Hull City,4 - 0,4,0
99,Portsmouth,Oxford United,1 - 1,1,1
100,Coventry City,Sheffield Wednesday,1 - 2,1,2
101,Derby County,Queens Park Rangers,2 - 0,2,0
102,Plymouth Argyle,Blackburn Rovers,2 - 1,2,1
103,Sheffield United,Luton Town,2 - 0,2,0
104,Swansea City,Stoke City,0 - 0,0,0
105,Watford,Middlesbrough,2 - 1,2,1
106,West Bromwich Albion,Millwall,0 - 0,0,0
107,Bristol City,Cardiff City,1 - 1,1,1
108,Leeds United,Sheffield United,2 - 0,2,0
109,Cardiff City,Plymouth Argyle,5 - 0,5,0
110,Luton Town,Watford,3 - 0,3,0
111,Oxford United,West Bromwich Albion,1 - 1,1,1
112,Preston North End,Coventry City,1 - 0,1,0
113,Blackburn Rovers,Swansea City,1 - 0,1,0
114,Middlesbrough,Bristol City,0 - 2,0,2
115,Millwall,Derby County,1 - 1,1,1
116,Queens Park Rangers,Portsmouth,1 - 2,1,2
117,Sheffield Wednesday,Burnley,0 - 2,0,2
118,Stoke City,Norwich City,1 - 1,1,1
119,Hull City,Sunderland,0 - 1,0,1
120,Cardiff City,Portsmouth,2 - 0,2,0
121,Leeds United,Watford,2 - 1,2,1
122,Oxford United,Derby County,1 - 1,1,1
123,Preston North End,Norwich City,2 - 2,2,2
124,Sheffield Wednesday,Swansea City,0 - 0,0,0
125,Stoke City,Bristol City,2 - 2,2,2
126,Queens Park Rangers,Coventry City,1 - 1,1,1
127,Hull City,Burnley,1 - 1,1,1
128,Blackburn Rovers,West Bromwich Albion,0 - 0,0,0
129,Luton Town,Sunderland,1 - 2,1,2
130,Millwall,Plymouth Argyle,1 - 0,1,0
131,Middlesbrough,Sheffield United,1 - 0,1,0
132,Portsmouth,Sheffield Wednesday,1 - 2,1,2
133,Bristol City,Leeds United,0 - 0,0,0
134,Coventry City,Luton Town,3 - 2,3,2
135,Watford,Blackburn Rovers,1 - 0,1,0
136,Burnley,Queens Park Rangers,0 - 0,0,0
137,Derby County,Hull City,1 - 1,1,1
138,Plymouth Argyle,Preston North End,3 - 3,3,3
139,Sheffield United,Stoke City,2 - 0,2,0
140,Sunderland,Oxford United,2 - 0,2,0
141,Swansea City,Millwall,0 - 1,0,1
142,West Bromwich Albion,Cardiff City,0 - 0,0,0
143,Norwich City,Middlesbrough,3 - 3,3,3
144,Luton Town,West Bromwich Albion,1 - 1,1,1
145,Blackburn Rovers,Sheffield United,0 - 2,0,2
146,Oxford United,Swansea City,1 - 2,1,2
147,Stoke City,Derby County,2 - 1,2,1
148,Cardiff City,Norwich City,2 - 1,2,1
149,Hull City,Portsmouth,1 - 1,1,1
150,Leeds United,Plymouth Argyle,3 - 0,3,0
151,Middlesbrough,Coventry City,0 - 3,0,3
152,Preston North End,Bristol City,1 - 3,1,3
153,Queens Park Rangers,Sunderland,0 - 0,0,0
154,Sheffield Wednesday,Watford,2 - 6,2,6
155,Millwall,Burnley,1 - 0,1,0
156,Bristol City,Sheffield United,1 - 2,1,2
157,Oxford United,Hull City,1 - 0,1,0
158,Queens Park Rangers,Middlesbrough,1 - 4,1,4
159,Sheffield Wednesday,Norwich City,2 - 0,2,0
160,Plymouth Argyle,Portsmouth,1 - 0,1,0
161,Swansea City,Watford,1 - 0,1,0
162,Millwall,Leeds United,1 - 0,1,0
163,Blackburn Rovers,Stoke City,0 - 2,0,2
164,Coventry City,Derby County,1 - 2,1,2
165,Luton Town,Cardiff City,1 - 0,1,0
166,Preston North End,Sunderland,0 - 0,0,0
167,West Bromwich Albion,Burnley,0 - 0,0,0
168,Watford,Oxford United,1 - 0,1,0
169,Cardiff City,Blackburn Rovers,1 - 3,1,3
170,Middlesbrough,Luton Town,5 - 1,5,1
171,Stoke City,Millwall,1 - 1,1,1
172,Derby County,Plymouth Argyle,1 - 1,1,1
173,Leeds United,Queens Park Rangers,2 - 0,2,0
174,Norwich City,Bristol City,0 - 2,0,2
175,Portsmouth,Preston North End,3 - 1,3,1
176,Sunderland,Coventry City,2 - 2,2,2
177,Sheffield United,Sheffield Wednesday,1 - 0,1,0
178,Hull City,West Bromwich Albion,1 - 2,1,2
179,Burnley,Swansea City,1 - 0,1,0
180,Plymouth Argyle,Watford,2 - 2,2,2
181,Bristol City,Burnley,0 - 1,0,1
182,Coventry City,Sheffield United,2 - 2,2,2
183,Sheffield Wednesday,Cardiff City,1 - 1,1,1
184,Luton Town,Hull City,1 - 0,1,0
185,Millwall,Sunderland,1 - 1,1,1
186,Oxford United,Middlesbrough,2 - 6,2,6
187,Preston North End,Derby County,1 - 1,1,1
188,Queens Park Rangers,Stoke City,1 - 1,1,1
189,West Bromwich Albion,Norwich City,2 - 2,2,2
190,Swansea City,Leeds United,3 - 4,3,4
191,Blackburn Rovers,Portsmouth,3 - 0,3,0
192,Burnley,Coventry City,2 - 0,2,0
193,Hull City,Sheffield Wednesday,0 - 2,0,2
194,Norwich City,Plymouth Argyle,6 - 1,6,1
195,Sheffield United,Oxford United,3 - 0,3,0
196,Stoke City,Preston North End,0 - 0,0,0
197,Watford,Bristol City,1 - 0,1,0
198,Sunderland,West Bromwich Albion,0 - 0,0,0
199,Leeds United,Luton Town,3 - 0,3,0
200,Cardiff City,Queens Park Rangers,0 - 2,0,2
201,Middlesbrough,Blackburn Rovers,0 - 1,0,1
202,Derby County,Swansea City,1 - 2,1,2
203,Portsmouth,Millwall,0 - 1,0,1
204,Sheffield United,Sunderland,1 - 0,1,0
205,Middlesbrough,Hull City,3 - 1,3,1
206,Oxford United,Millwall,1 - 1,1,1
207,Watford,Queens Park Rangers,0 - 0,0,0
208,Blackburn Rovers,Leeds United,1 - 0,1,0
209,Bristol City,Plymouth Argyle,4 - 0,4,0
210,Coventry City,Cardiff City,2 - 2,2,2
211,Norwich City,Luton Town,4 - 2,4,2
212,Preston North End,West Bromwich Albion,1 - 1,1,1
213,Stoke City,Burnley,0 - 2,0,2
214,Swansea City,Portsmouth,2 - 2,2,2
215,Derby County,Sheffield Wednesday,1 - 2,1,2
216,Burnley,Middlesbrough,1 - 1,1,1
217,Leeds United,Derby County,2 - 0,2,0
218,Sheffield Wednesday,Preston North End,1 - 1,1,1
219,Sunderland,Stoke City,2 - 1,2,1
220,Hull City,Blackburn Rovers,0 - 1,0,1
221,Millwall,Coventry City,0 - 1,0,1
222,Portsmouth,Bristol City,3 - 0,3,0
223,Queens Park Rangers,Norwich City,3 - 0,3,0
224,Luton Town,Swansea City,1 - 1,1,1
225,West Bromwich Albion,Sheffield United,2 - 2,2,2
226,Cardiff City,Watford,1 - 1,1,1
227,Plymouth Argyle,Oxford United,1 - 1,1,1
228,Burnley,Derby County,0 - 0,0,0
229,Luton Town,Stoke City,2 - 1,2,1
230,Plymouth Argyle,Swansea City,1 - 2,1,2
231,Portsmouth,Norwich City,0 - 0,0,0
232,Sheffield Wednesday,Blackburn Rovers,0 - 1,0,1
233,Sunderland,Bristol City,1 - 1,1,1
234,Leeds United,Middlesbrough,3 - 1,3,1
235,Millwall,Sheffield United,0 - 1,0,1
236,Cardiff City,Preston North End,0 - 2,0,2
237,Hull City,Watford,1 - 1,1,1
238,Queens Park Rangers,Oxford United,2 - 0,2,0
239,West Bromwich Albion,Coventry City,2 - 0,2,0
240,Derby County,Portsmouth,4 - 0,4,0
241,Bristol City,Queens Park Rangers,1 - 1,1,1
242,Coventry City,Hull City,2 - 1,2,1
243,Preston North End,Leeds United,1 - 1,1,1
244,Blackburn Rovers,Luton Town,2 - 0,2,0
245,Middlesbrough,Millwall,1 - 0,1,0
246,Oxford United,Sheffield Wednesday,1 - 3,1,3
247,Sheffield United,Plymouth Argyle,2 - 0,2,0
248,Stoke City,Cardiff City,2 - 2,2,2
249,Swansea City,Sunderland,2 - 3,2,3
250,Watford,West Bromwich Albion,2 - 1,2,1
251,Norwich City,Burnley,1 - 2,1,2
252,Luton Town,Derby County,2 - 1,2,1
253,Hull City,Swansea City,2 - 1,2,1
254,Portsmouth,Coventry City,4 - 1,4,1
255,Sheffield Wednesday,Stoke City,2 - 0,2,0
256,Burnley,Watford,2 - 1,2,1
257,Cardiff City,Sheffield United,0 - 2,0,2
258,Leeds United,Oxford United,4 - 0,4,0
259,Millwall,Blackburn Rovers,1 - 0,1,0
260,Plymouth Argyle,Middlesbrough,3 - 3,3,3
261,Queens Park Rangers,Preston North End,2 - 1,2,1
262,Sunderland,Norwich City,2 - 1,2,1
263,West Bromwich Albion,Bristol City,2 - 0,2,0
264,Blackburn Rovers,Sunderland,2 - 2,2,2
265,Bristol City,Luton Town,1 - 0,1,0
266,Coventry City,Plymouth Argyle,4 - 0,4,0
267,Middlesbrough,Sheffield Wednesday,3 - 3,3,3
268,Norwich City,Millwall,2 - 1,2,1
269,Oxford United,Cardiff City,3 - 2,3,2
270,Preston North End,Hull City,1 - 0,1,0
271,Sheffield United,Burnley,0 - 2,0,2
272,Swansea City,Queens Park Rangers,3 - 0,3,0
273,Watford,Portsmouth,2 - 1,2,1
274,Derby County,West Bromwich Albion,2 - 1,2,1
275,Stoke City,Leeds United,0 - 2,0,2
276,Sheffield United,West Bromwich Albion,1 - 1,1,1
277,Blackburn Rovers,Hull City,0 - 1,0,1
278,Bristol City,Portsmouth,3 - 0,3,0
279,Coventry City,Millwall,0 - 0,0,0
280,Norwich City,Queens Park Rangers,1 - 1,1,1
281,Oxford United,Plymouth Argyle,2 - 0,2,0
282,Preston North End,Sheffield Wednesday,3 - 1,3,1
283,Stoke City,Sunderland,1 - 0,1,0
284,Swansea City,Luton Town,2 - 1,2,1
285,Watford,Cardiff City,1 - 2,1,2
286,Derby County,Leeds United,0 - 1,0,1
287,Middlesbrough,Burnley,0 - 0,0,0
288,Plymouth Argyle,Bristol City,2 - 2,2,2
289,Queens Park Rangers,Watford,3 - 1,3,1
290,Millwall,Oxford United,0 - 1,0,1
291,Burnley,Stoke City,0 - 0,0,0
292,Cardiff City,Coventry City,1 - 1,1,1
293,Leeds United,Blackburn Rovers,1 - 1,1,1
294,Luton Town,Norwich City,0 - 1,0,1
295,Portsmouth,Swansea City,4 - 0,4,0
296,Sheffield Wednesday,Derby County,4 - 2,4,2
297,West Bromwich Albion,Preston North End,3 - 1,3,1
298,Hull City,Middlesbrough,0 - 1,0,1
299,Sunderland,Sheffield United,2 - 1,2,1
300,Blackburn Rovers,Burnley,0 - 1,0,1
301,Stoke City,Plymouth Argyle,0 - 0,0,0
302,Swansea City,West Bromwich Albion,1 - 1,1,1
303,Bristol City,Derby County,1 - 0,1,0
304,Hull City,Leeds United,3 - 3,3,3
305,Middlesbrough,Cardiff City,1 - 1,1,1
306,Norwich City,Coventry City,2 - 1,2,1
307,Preston North End,Oxford United,1 - 1,1,1
308,Sheffield Wednesday,Millwall,2 - 2,2,2
309,Watford,Sheffield United,1 - 2,1,2
310,Sunderland,Portsmouth,1 - 0,1,0
311,Queens Park Rangers,Luton Town,2 - 1,2,1
312,Burnley,Sunderland,0 - 0,0,0
313,Cardiff City,Swansea City,3 - 0,3,0
314,Millwall,Hull City,0 - 1,0,1
315,Plymouth Argyle,Queens Park Rangers,0 - 1,0,1
316,Coventry City,Bristol City,1 - 0,1,0
317,Derby County,Watford,0 - 2,0,2
318,Luton Town,Preston North End,0 - 0,0,0
319,Oxford United,Blackburn Rovers,1 - 0,1,0
320,Sheffield United,Norwich City,2 - 0,2,0
321,West Bromwich Albion,Stoke City,1 - 1,1,1
322,Portsmouth,Middlesbrough,2 - 1,2,1
323,Leeds United,Sheffield Wednesday,3 - 0,3,0
324,Blackburn Rovers,Coventry City,0 - 2,0,2
325,Derby County,Sunderland,0 - 1,0,1
326,Hull City,Queens Park Rangers,1 - 2,1,2
327,Middlesbrough,West Bromwich Albion,2 - 0,2,0
328,Oxford United,Luton Town,3 - 2,3,2
329,Swansea City,Sheffield United,1 - 2,1,2
330,Watford,Preston North End,1 - 2,1,2
331,Millwall,Cardiff City,2 - 2,2,2
332,Leeds United,Norwich City,2 - 0,2,0
333,Portsmouth,Stoke City,3 - 1,3,1
334,Sheffield Wednesday,Bristol City,2 - 2,2,2
335,Plymouth Argyle,Burnley,0 - 5,0,5
336,Sheffield United,Hull City,0 - 3,0,3
337,Luton Town,Millwall,0 - 1,0,1
338,Norwich City,Swansea City,5 - 1,5,1
339,Stoke City,Oxford United,0 - 0,0,0
340,Bristol City,Blackburn Rovers,2 - 1,2,1
341,Cardiff City,Derby County,2 - 1,2,1
342,Coventry City,Watford,2 - 1,2,1
343,Preston North End,Middlesbrough,2 - 1,2,1
344,Queens Park Rangers,Sheffield Wednesday,0 - 2,0,2
345,Sunderland,Plymouth Argyle,2 - 2,2,2
346,West Bromwich Albion,Portsmouth,5 - 1,5,1
347,Burnley,Leeds United,0 - 0,0,0
348,Blackburn Rovers,Preston North End,2 - 1,2,1
349,Oxford United,Bristol City,1 - 1,1,1
350,Plymouth Argyle,West Bromwich Albion,2 - 1,2,1
351,Watford,Norwich City,0 - 1,0,1
352,Derby County,Sheffield United,0 - 1,0,1
353,Hull City,Stoke City,1 - 2,1,2
354,Leeds United,Cardiff City,7 - 0,7,0
355,Millwall,Queens Park Rangers,2 - 1,2,1
356,Portsmouth,Burnley,0 - 0,0,0
357,Sheffield Wednesday,Luton Town,1 - 1,1,1
358,Swansea City,Coventry City,0 - 2,0,2
359,Middlesbrough,Sunderland,2 - 3,2,3
360,Burnley,Oxford United,1 - 0,1,0
361,Queens Park Rangers,Blackburn Rovers,2 - 1,2,1
362,Coventry City,Leeds United,0 - 2,0,2
363,Sunderland,Watford,2 - 2,2,2
364,West Bromwich Albion,Sheffield Wednesday,2 - 1,2,1
365,Norwich City,Derby County,1 - 1,1,1
366,Sheffield United,Portsmouth,2 - 1,2,1
367,Bristol City,Swansea City,0 - 1,0,1
368,Preston North End,Millwall,1 - 1,1,1
369,Luton Town,Plymouth Argyle,1 - 1,1,1
370,Cardiff City,Hull City,1 - 0,1,0
371,Stoke City,Middlesbrough,1 - 3,1,3
372,Coventry City,Queens Park Rangers,1 - 0,1,0
373,Derby County,Oxford United,0 - 0,0,0
374,Portsmouth,Cardiff City,2 - 1,2,1
375,Watford,Leeds United,0 - 4,0,4
376,Norwich City,Preston North End,0 - 1,0,1
377,Bristol City,Stoke City,2 - 0,2,0
378,Plymouth Argyle,Millwall,5 - 1,5,1
379,Swansea City,Sheffield Wednesday,0 - 1,0,1
380,Burnley,Hull City,2 - 0,2,0
381,Sunderland,Luton Town,2 - 0,2,0
382,Sheffield United,Middlesbrough,3 - 1,3,1
383,West Bromwich Albion,Blackburn Rovers,0 - 2,0,2
384,Queens Park Rangers,Derby County,4 - 0,4,0
385,Cardiff City,Bristol City,1 - 1,1,1
386,Oxford United,Portsmouth,0 - 2,0,2
387,Preston North End,Burnley,0 - 0,0,0
388,Blackburn Rovers,Plymouth Argyle,2 - 0,2,0
389,Hull City,Norwich City,1 - 1,1,1
390,Luton Town,Sheffield United,0 - 1,0,1
391,Middlesbrough,Watford,0 - 1,0,1
392,Millwall,West Bromwich Albion,1 - 1,1,1
393,Sheffield Wednesday,Coventry City,1 - 2,1,2
394,Stoke City,Swansea City,3 - 1,3,1
395,Leeds United,Sunderland,2 - 1,2,1
396,Bristol City,Middlesbrough,2 - 1,2,1
397,Burnley,Sheffield Wednesday,4 - 0,4,0
398,Derby County,Millwall,0 - 1,0,1
399,Plymouth Argyle,Cardiff City,1 - 1,1,1
400,Sunderland,Hull City,0 - 1,0,1
401,Coventry City,Preston North End,2 - 1,2,1
402,Norwich City,Stoke City,4 - 2,4,2
403,Portsmouth,Queens Park Rangers,2 - 1,2,1
404,Swansea City,Blackburn Rovers,3 - 0,3,0
405,West Bromwich Albion,Oxford United,2 - 0,2,0
406,Watford,Luton Town,2 - 0,2,0
407,Sheffield United,Leeds United,1 - 3,1,3
408,Sheffield Wednesday,Sunderland,1 - 2,1,2
409,Blackburn Rovers,Norwich City,1 - 1,1,1
410,Leeds United,West Bromwich Albion,1 - 1,1,1
411,Oxford United,Coventry City,2 - 3,2,3
412,Luton Town,Portsmouth,1 - 0,1,0
413,Middlesbrough,Derby County,1 - 0,1,0
414,Queens Park Rangers,Sheffield United,1 - 2,1,2
415,Stoke City,Watford,0 - 0,0,0
416,Cardiff City,Burnley,1 - 2,1,2
417,Hull City,Plymouth Argyle,2 - 0,2,0
418,Millwall,Bristol City,0 - 2,0,2
419,Preston North End,Swansea City,0 - 0,0,0
420,Norwich City,Oxford United,1 - 1,1,1
421,Coventry City,Stoke City,3 - 2,3,2
422,Watford,Millwall,1 - 2,1,2
423,Bristol City,Hull City,1 - 1,1,1
424,Burnley,Luton Town,4 - 0,4,0
425,Derby County,Blackburn Rovers,2 - 1,2,1
426,Plymouth Argyle,Sheffield Wednesday,0 - 3,0,3
427,Sheffield United,Preston North End,1 - 0,1,0
428,Sunderland,Cardiff City,2 - 1,2,1
429,Swansea City,Middlesbrough,1 - 0,1,0
430,West Bromwich Albion,Queens Park Rangers,1 - 0,1,0
431,Portsmouth,Leeds United,1 - 0,1,0
432,Burnley,West Bromwich Albion,1 - 1,1,1
433,Cardiff City,Luton Town,1 - 2,1,2
434,Derby County,Coventry City,2 - 0,2,0
435,Middlesbrough,Queens Park Rangers,2 - 1,2,1
436,Sunderland,Preston North End,1 - 1,1,1
437,Norwich City,Sheffield Wednesday,2 - 3,2,3
438,Sheffield United,Bristol City,1 - 1,1,1
439,Portsmouth,Plymouth Argyle,1 - 2,1,2
440,Hull City,Oxford United,2 - 1,2,1
441,Leeds United,Millwall,2 - 0,2,0
442,Watford,Swansea City,1 - 0,1,0
443,Stoke City,Blackburn Rovers,1 - 0,1,0
444,Bristol City,Norwich City,2 - 1,2,1
445,Millwall,Stoke City,1 - 0,1,0
446,Queens Park Rangers,Leeds United,2 - 2,2,2
447,Blackburn Rovers,Cardiff City,1 - 2,1,2
448,Coventry City,Sunderland,3 - 0,3,0
449,Luton Town,Middlesbrough,0 - 0,0,0
450,Oxford United,Watford,1 - 0,1,0
451,Plymouth Argyle,Derby County,2 - 3,2,3
452,Preston North End,Portsmouth,2 - 1,2,1
453,Swansea City,Burnley,0 - 2,0,2
454,West Bromwich Albion,Hull City,1 - 1,1,1
455,Sheffield Wednesday,Sheffield United,0 - 1,0,1
456,Sheffield United,Coventry City,3 - 1,3,1
457,Hull City,Luton Town,0 - 1,0,1
458,Watford,Plymouth Argyle,0 - 0,0,0
459,Burnley,Bristol City,1 - 0,1,0
460,Cardiff City,Sheffield Wednesday,1 - 1,1,1
461,Leeds United,Swansea City,2 - 2,2,2
462,Middlesbrough,Oxford United,2 - 1,2,1
463,Norwich City,West Bromwich Albion,1 - 0,1,0
464,Portsmouth,Blackburn Rovers,1 - 0,1,0
465,Stoke City,Queens Park Rangers,3 - 1,3,1
466,Sunderland,Millwall,1 - 0,1,0
467,Derby County,Preston North End,2 - 0,2,0
468,Blackburn Rovers,Middlesbrough,0 - 2,0,2
469,Coventry City,Burnley,1 - 2,1,2
470,Luton Town,Leeds United,1 - 1,1,1
471,West Bromwich Albion,Sunderland,0 - 1,0,1
472,Bristol City,Watford,2 - 1,2,1
473,Millwall,Portsmouth,2 - 1,2,1
474,Oxford United,Sheffield United,1 - 0,1,0
475,Plymouth Argyle,Norwich City,2 - 1,2,1
476,Preston North End,Stoke City,1 - 1,1,1
477,Queens Park Rangers,Cardiff City,0 - 0,0,0
478,Sheffield Wednesday,Hull City,0 - 1,0,1
479,Swansea City,Derby County,1 - 0,1,0
480,Blackburn Rovers,Sheffield Wednesday,2 - 2,2,2
481,Bristol City,West Bromwich Albion,2 - 1,2,1
482,Norwich City,Sunderland,0 - 0,0,0
483,Preston North End,Cardiff City,2 - 2,2,2
484,Sheffield United,Millwall,0 - 1,0,1
485,Stoke City,Luton Town,1 - 1,1,1
486,Watford,Hull City,1 - 0,1,0
487,Derby County,Burnley,0 - 0,0,0
488,Middlesbrough,Leeds United,0 - 1,0,1
489,Oxford United,Queens Park Rangers,1 - 3,1,3
490,Swansea City,Plymouth Argyle,3 - 0,3,0
491,Coventry City,Portsmouth,1 - 0,1,0
492,Burnley,Norwich City,2 - 1,2,1
493,Leeds United,Preston North End,2 - 1,2,1
494,Plymouth Argyle,Sheffield United,2 - 1,2,1
495,Cardiff City,Stoke City,0 - 1,0,1
496,Luton Town,Blackburn Rovers,0 - 1,0,1
497,Millwall,Middlesbrough,1 - 0,1,0
498,Portsmouth,Derby County,2 - 2,2,2
499,Queens Park Rangers,Bristol City,1 - 1,1,1
500,Sheffield Wednesday,Oxford United,0 - 1,0,1
501,Sunderland,Swansea City,0 - 1,0,1
502,West Bromwich Albion,Watford,2 - 1,2,1
503,Hull City,Coventry City,1 - 1,1,1
504,Derby County,Luton Town,0 - 1,0,1
505,Blackburn Rovers,Millwall,4 - 1,4,1
506,Bristol City,Sunderland,2 - 1,2,1
507,Coventry City,West Bromwich Albion,2 - 0,2,0
508,Middlesbrough,Plymouth Argyle,2 - 1,2,1
509,Norwich City,Portsmouth,3 - 5,3,5
510,Preston North End,Queens Park Rangers,1 - 2,1,2
511,Stoke City,Sheffield Wednesday,2 - 0,2,0
512,Swansea City,Hull City,1 - 0,1,0
513,Watford,Burnley,1 - 2,1,2
514,Sheffield United,Cardiff City,2 - 0,2,0
515,Oxford United,Leeds United,0 - 1,0,1
516,Cardiff City,Oxford United,1 - 1,1,1
517,Hull City,Preston North End,2 - 1,2,1
518,Leeds United,Stoke City,6 - 0,6,0
519,Luton Town,Bristol City,3 - 1,3,1
520,Millwall,Norwich City,3 - 1,3,1
521,Plymouth Argyle,Coventry City,3 - 1,3,1
522,Portsmouth,Watford,1 - 0,1,0
523,Queens Park Rangers,Swansea City,1 - 2,1,2
524,Sheffield Wednesday,Middlesbrough,2 - 1,2,1
525,Sunderland,Blackburn Rovers,0 - 1,0,1
526,West Bromwich Albion,Derby County,1 - 3,1,3
527,Burnley,Sheffield United,2 - 1,2,1
528,Stoke City,Sheffield United,0 - 2,0,2
529,Luton Town,Coventry City,1 - 0,1,0
530,Queens Park Rangers,Burnley,0 - 5,0,5
531,Blackburn Rovers,Watford,2 - 1,2,1
532,Cardiff City,West Bromwich Albion,0 - 0,0,0
533,Hull City,Derby County,0 - 1,0,1
534,Middlesbrough,Norwich City,0 - 0,0,0
535,Millwall,Swansea City,1 - 0,1,0
536,Oxford United,Sunderland,2 - 0,2,0
537,Preston North End,Plymouth Argyle,1 - 2,1,2
538,Sheffield Wednesday,Portsmouth,1 - 1,1,1
539,Leeds United,Bristol City,4 - 0,4,0
540,Bristol City,Preston North End,2 - 2,2,2
541,Burnley,Millwall,3 - 1,3,1
542,Coventry City,Middlesbrough,2 - 0,2,0
543,Derby County,Stoke City,0 - 0,0,0
544,Norwich City,Cardiff City,4 - 2,4,2
545,Plymouth Argyle,Leeds United,1 - 2,1,2
546,Portsmouth,Hull City,1 - 1,1,1
547,Sheffield United,Blackburn Rovers,1 - 1,1,1
548,Sunderland,Queens Park Rangers,0 - 1,0,1
549,Swansea City,Oxford United,3 - 3,3,3
550,Watford,Sheffield Wednesday,1 - 1,1,1
551,West Bromwich Albion,Luton Town,5 - 3,5,3
0,Birmingham City,Ipswich Town,1 - 1,1,1
1,Charlton Athletic,Watford,1 - 0,1,0
2,Coventry City,Hull City,0 - 0,0,0
3,Southampton,Wrexham,2 - 1,2,1
4,Middlesbrough,Swansea City,1 - 0,1,0
5,Norwich City,Millwall,1 - 2,1,2
6,Oxford United,Portsmouth,0 - 1,0,1
7,Queens Park Rangers,Preston North End,1 - 1,1,1
8,Stoke City,Derby County,3 - 1,3,1
9,West Bromwich Albion,Blackburn Rovers,1 - 0,1,0
10,Sheffield United,Bristol City,1 - 4,1,4
11,Leicester City,Sheffield Wednesday,2 - 1,2,1
12,Derby County,Coventry City,3 - 5,3,5
13,Portsmouth,Norwich City,1 - 2,1,2
14,Wrexham,West Bromwich Albion,2 - 3,2,3
15,Blackburn Rovers,Birmingham City,1 - 2,1,2
16,Bristol City,Charlton Athletic,0 - 0,0,0
17,Millwall,Middlesbrough,0 - 3,0,3
18,Preston North End,Leicester City,2 - 1,2,1
19,Sheffield Wednesday,Stoke City,0 - 3,0,3
20,Swansea City,Sheffield United,1 - 0,1,0
21,Watford,Queens Park Rangers,2 - 1,2,1
22,Ipswich Town,Southampton,1 - 1,1,1
23,Hull City,Oxford United,3 - 2,3,2
24,Derby County,Bristol City,1 - 1,1,1
25,Charlton Athletic,Leicester City,0 - 1,0,1
26,Hull City,Blackburn Rovers,0 - 3,0,3
27,Swansea City,Watford,1 - 1,1,1
28,Birmingham City,Oxford United,1 - 0,1,0
29,Coventry City,Queens Park Rangers,7 - 1,7,1
30,Norwich City,Middlesbrough,1 - 2,1,2
31,Preston North End,Ipswich Town,1 - 0,1,0
32,Sheffield United,Millwall,0 - 1,0,1
33,Southampton,Stoke City,1 - 2,1,2
34,West Bromwich Albion,Portsmouth,1 - 1,1,1
35,Wrexham,Sheffield Wednesday,2 - 2,2,2
36,Leicester City,Birmingham City,2 - 0,2,0
37,Middlesbrough,Sheffield United,1 - 0,1,0
38,Queens Park Rangers,Charlton Athletic,3 - 1,3,1
39,Stoke City,West Bromwich Albion,0 - 1,0,1
40,Blackburn Rovers,Norwich City,0 - 2,0,2
41,Bristol City,Hull City,4 - 2,4,2
42,Ipswich Town,Derby County,2 - 2,2,2
43,Millwall,Wrexham,0 - 2,0,2
44,Oxford United,Coventry City,2 - 2,2,2
45,Portsmouth,Preston North End,1 - 0,1,0
46,Sheffield Wednesday,Swansea City,0 - 2,0,2
47,Watford,Southampton,2 - 2,2,2
48,Ipswich Town,Sheffield United,5 - 0,5,0
49,Charlton Athletic,Millwall,1 - 1,1,1
50,Oxford United,Leicester City,2 - 2,2,2
51,Preston North End,Middlesbrough,2 - 2,2,2
52,Coventry City,Norwich City,1 - 1,1,1
53,Sheffield Wednesday,Bristol City,0 - 3,0,3
54,Stoke City,Birmingham City,1 - 0,1,0
55,Swansea City,Hull City,2 - 2,2,2
56,Watford,Blackburn Rovers,0 - 1,0,1
57,West Bromwich Albion,Derby County,0 - 1,0,1
58,Wrexham,Queens Park Rangers,1 - 3,1,3
59,Southampton,Portsmouth,0 - 0,0,0
60,Middlesbrough,West Bromwich Albion,2 - 1,2,1
61,Birmingham City,Swansea City,1 - 0,1,0
62,Leicester City,Coventry City,0 - 0,0,0
63,Queens Park Rangers,Stoke City,1 - 0,1,0
64,Blackburn Rovers,Ipswich Town,,,
65,Derby County,Preston North End,0 - 1,0,1
66,Hull City,Southampton,3 - 1,3,1
67,Norwich City,Wrexham,2 - 3,2,3
68,Portsmouth,Sheffield Wednesday,0 - 2,0,2
69,Sheffield United,Charlton Athletic,0 - 1,0,1
70,Bristol City,Oxford United,1 - 3,1,3
71,Millwall,Watford,1 - 0,1,0
72,West Bromwich Albion,Leicester City,1 - 1,1,1
73,Coventry City,Birmingham City,3 - 0,3,0
74,Swansea City,Millwall,1 - 1,1,1
75,Wrexham,Derby County,1 - 1,1,1
76,Charlton Athletic,Blackburn Rovers,3 - 0,3,0
77,Ipswich Town,Portsmouth,2 - 1,2,1
78,Oxford United,Sheffield United,0 - 1,0,1
79,Preston North End,Bristol City,0 - 0,0,0
80,Sheffield Wednesday,Queens Park Rangers,1 - 1,1,1
81,Southampton,Middlesbrough,1 - 1,1,1
82,Stoke City,Norwich City,1 - 1,1,1
83,Watford,Hull City,2 - 1,2,1
84,Birmingham City,Sheffield Wednesday,2 - 2,2,2
85,Blackburn Rovers,Swansea City,1 - 2,1,2
86,Bristol City,Ipswich Town,1 - 1,1,1
87,Hull City,Preston North End,2 - 2,2,2
88,Leicester City,Wrexham,1 - 1,1,1
89,Middlesbrough,Stoke City,0 - 0,0,0
90,Sheffield United,Southampton,1 - 2,1,2
91,Derby County,Charlton Athletic,1 - 1,1,1
